Question	A	B	C	D	Réponse correcte
"Question : En quelle année a été publié le rapport ""Global Cybersecurity Outlook"" mentionné dans le texte ?
A. 2023
B. 2024
C. 2025
D. 2026"	B
"Question : Qui détient les droits réservés sur le texte ?
A. Getty Images
B. MidJourney
C. World Economic Forum
D. Tous les choix précédents"	D
"Question : Quelle est l'action interdite par ce texte ?

A. La reproduction
B. La transmission
C. La photocopie
D. Toutes les réponses ci-dessus"	D
"Question : Quel système n'est pas mentionné dans le texte ?
    A. Stockage des informations
    B. Récupération des informations
    C. Cryptage
    D. Système de codage"	C
"Question : Par qui le texte a-t-il été produit ?
A. Forum économique mondial
B. Projet d'interaction
C. Espace de réflexion
D. Domaine d'interaction"	A
"Question : Quelle est l'origine des conclusions et interprétations exprimées dans le texte ?

A. Un processus collaboratif
B. Une opinion personnelle
C. Une étude scientifique
D. Une source inconnue"	A
"Question : Quelle entité n'est PAS responsable des résultats du texte ?
A. Le Forum économique mondial
B. L'auteur du texte
C. Les lecteurs du texte
D. Aucune des réponses ci-dessus"	C
"Question : Selon le texte, qui ne partage pas nécessairement les opinions du Forum économique mondial ?

A. Les membres
B. Les partenaires
C. Les autres parties prenantes
D. Personne"	C
"Question : Quel est le thème du premier chapitre du texte ?

A. Le fonctionnement interne des ordinateurs
B. La compréhension des inégalités mondiales en matière de cybernétique
C. Les avantages d'une utilisation responsable d'Internet
D. L'impact social des réseaux sociaux"	B
"**Question :**

Quel est l'un des facteurs clés contribuant à l'inégalité cybernétique ?

**A.** Géopolitique
**B.** Technologies
**C.** Éducation
**D.** Accessibilité

**"	B**
"Question : Quel est le thème du texte ?
A. Transition géopolitique
B. Cyberattaques
C. Nouvelles technologies
D. Peur de l'inconnu"	A
"Question : Lequel des éléments suivants aborde le manque de compétences dans le domaine de la cybersécurité ?
A. Le contenu de la partie 3.1 uniquement
B. Le contenu des parties 3.1 et 4 uniquement
C. Les contenus des parties 3.1 et 4 ensemble
D. Aucun des contenus"	C
"Question : Quelle est la problématique abordée dans la section 4.1 ?
A. L'émergence de nouvelles technologies
B. L'importance de la résilience
C. La prise en compte des héritages du passé
D. La combinaison des risques anciens et nouveaux"	D
"Question :  Quel est le sujet du document ?
A. L'utilisation du cyberespace
B. La résilience face aux cyberattaques
C. Le rôle des entreprises dans la résilience
D. Les menaces du cyberespace"	B
"Question :
Selon le texte, quel est l'état actuel des collaborations cybernétiques ?

A. Elles sont en train de stagner.
B. Elles continuent à mûrir.
C. Elles sont en déclin.
D. Aucune des réponses ci-dessus."	B
"Question : Quel est le sujet principal du chapitre 5 ?
A. La régulation des bateaux
B. L'assurance
C. La résilience informatique
D. La navigation"	C
"Question : Quel est le titre de la section qui suit la Conclusion ?

A. Supply Chain
B. Contributions
C. Méthodologie
D. Notes de fin"	C
"**Question :**

Quel est le titre du rapport mentionné dans le texte ?

**A.** Cybersecurity Outlook 2024
**B.** Threat Landscape in Cybersecurity
**C.** Cybersecurity Best Practices
**D.** Data Protection in the Digital Age

**"	A**
"Question : Quel est le sujet principal du texte ?

A. Les défis de la cybersécurité
B. Les opportunités de la cybersécurité
C. L'avenir de la cybersécurité
D. Les risques de la cybersécurité"	A
"**Question :**

Quels sont les facteurs qui contribuent à l'instabilité économique mondiale ?

**Choix :**

A. Avancées technologiques
B. Conflits géopolitiques
C. Changements climatiques
D. Crise financière

**"	** B
"Question :  Selon le texte, quelle mesure est nécessaire pour renforcer les cybercapacités organisationnelles ?
    A. Accroître la sécurité
    B. Renforcer la résilience
    C. Améliorer la communication
    D. Augmenter les investissements"	B
"Question : Quel est le texte sur lequel s'appuie l'élaboration du rapport de cette année ?
A. Un rapport sur la collaboration internationale
B. Un rapport de l'année dernière
C. Un rapport de l'économie mondiale
D. Un rapport sur les priorités de l'année dernière"	D
"Question : Quel est l'objectif du Forum's Centre for Cybersecurity ?
A. Promouvoir la collaboration entre le secteur public et privé
B. Renforcer la sécurité des infrastructures critiques
C. Former les experts en cybersécurité
D. Développer de nouvelles technologies de cybersécurité"	A
"Question : Quel est le but du rapport mentionné dans le texte ?
A. Distinguer les secteurs public et privé
B. Améliorer la communication entre les dirigeants de l'informatique et les chefs d'entreprise
C. Servir d'outil pour distribuer des informations
D. Analyser les cybermenaces"	B
"Question : Quelle est la fonction principale de la solution décrite dans le texte ?

A. Fournir des analyses sur les risques cybernétiques
B. Générer des rapports personnalisés pour les dirigeants
C. Mettre en œuvre des mesures de sécurité informatique
D. Former les employés à la cybersécurité"	A
"Question : Quelle est l'origine du sentiment d'optimisme ?
A. La prise de conscience accrue des cybermenaces
B. L'augmentation des investissements dans la cybersécurité
C. La prise de conscience accrue des cadres supérieurs de l'écosystème de cybersécurité
D. Le développement de nouvelles technologies de cybersécurité"	C
"Question : Quel aspect du rapport sur le cyberespace est également souligné ?

A. Les risques liés à la cybercriminalité
B. Un cyberfossé croissant
C. Les avantages économiques de l'utilisation d'Internet
D. La nécessité d'une réglementation accrue"	B
"Quelle est la différence entre la cyber-résilience et la cybersécurité ?

A. Elles sont identiques.
B. La cyber-résilience est différente de la cybersécurité.
C. La cybersécurité est différente de la cyber-résilience.
D. Elles sont toutes deux des menaces pour la sécurité informatique."	B
"**Question :**

Selon le texte, quel aspect de la relation entre les cadres de la cybernétique et les cadres d'entreprise s'est amélioré ?

**Choix :**

A. Les relations personnelles
B. La communication
C. La résolution de problèmes
D. La confiance

**"	** B
"Question : Selon le texte, quels éléments nécessitent une attention continue et une collaboration ?
A. Les persistances
B. Les industries, les pays et les secteurs
C. Les différences
D. Les tendances"	B
"Question : Quel est l'objet principal du rapport mentionné dans le texte ?

A. Prédire les défis de l'année 2024
B. Mettre en lumière des découvertes importantes
C. Guider les prises de décision pour l'avenir
D. Mener des recherches sur les défis à venir"	B
"Question : Quelle est la préoccupation évoquée dans le texte ?
    A. L'injustice sociale liée à Internet
    B. L'influence des nouvelles technologies
    C. L'avenir de l'innovation technologique
    D. L'impact de la robotisation sur l'emploi"	A
"Question : Quel aspect est essentiel pour la cyber-résilience ?
A. Pensée isolée
B. Pensée stratégique
C. Actions éparses
D. Engagement faible"	B
"Question : Quelle est l'invitation du rapport aux dirigeants ?
A. À reconnaître les obstacles
B. À embrasser activement les opportunités
C. À ignorer les défis
D. À rester passifs face aux opportunités"	B
"**Question :**

Quelle est l'idée principale véhiculée par le texte ?

A. L'importance des individus pour le changement
B. La nécessité de la collaboration et de l'innovation
C. Le rôle des dirigeants dans la promotion du changement
D. La difficulté de mettre en œuvre des changements positifs

**"	** B
"Question : Quel est l'objectif poursuivi par Jeremy Jurgens ?
A. Promouvoir la collaboration internationale
B. Améliorer la sécurité et la résilience
C. Accroître la confiance dans le numérique
D. Réduire les risques cybernétiques"	B
"Question : Qui est le responsable mondial chez Accenture Securi ?

A. Paolo Dal Cin
B. Global Lead
C. Accenture Securi
D. Managing Director"	B
"Quelle est l'année de publication du document ""Global Cybersecurity Outlook"" ?
A. 2023
B. 2024
C. 2025
D. Non spécifié"	B
"**Question :**

Quel thème mondial était particulièrement marqué en 2023 selon le texte ?

**A. Paix et entente internationale**
**B. Polarisation géopolitique**
**C. Stabilité économique**
**D. Progrès technologique**

**"	B**
"Question : Quel sentiment est exprimé dans le texte concernant l'avenir des technologies ?

A. Scepticisme
B. Indifférence
C. Optimisme
D. Peur"	A
"Question : Quelle est l'économie qui a connu une croissance exponentielle ?
A. L'économie mondiale
B. L'économie de la cybersécurité
C. L'économie de l'industrie technologique
D. L'économie des services financiers"	B
"Question : Selon le texte, qu'a surpassé la croissance de l'économie mondiale ?
A. La croissance du secteur technologique
B. La croissance de l'économie américaine
C. La croissance de l'économie européenne
D. La croissance de l'économie chinoise"	A
"Question : Quel texte manquant s'intègre correctement dans le texte donné ?
A. nt industries and those less prepared
B. for growth has created a significant gap
C. nt economic sectors has resulted in varying levels of growth
D. in the field of cybersecurity remains a pressing issue"	A
"Question : Quel terme est utilisé pour décrire la différence croissante entre les organisations qui réussissent en matière de cybersécurité et celles qui ont des difficultés ?
A. Cyberdisparité
B. Cybersegmentation
C. Cyberstratification
D. Cyberpolarisation"	A
"Question : Quel facteur contribue à exacerber les menaces ?
A. Contours du paysage des menaces
B. Réglementation de l'industrie
C. Tendances macroéconomiques
D. Tous les choix précédents"	D
"Question : Quel est un obstacle clair à l'adoption précoce des technologies révolutionnaires par certaines organisations ?

A. Manque de financement
B. Absence de stratégie
C. Manque de ressources humaines
D. Résistance au changement"	D
"Question : Quel est un facteur qui contribue aux défis de l'accès aux services cybernétiques innovants ?
A. Le coût croissant de l'accès
B. Le manque de compétences techniques
C. Le faible niveau de demande
D. Les restrictions réglementaires"	A
"Question : Quelle est l'expression qui manque pour compléter la phrase ?
A. Prête
B. Apte
C. Enclin
D. Capable"	A
"Question : Quel est le thème principal du texte ?
A. Les transitions multiples
B. La disparition accélérée
C. Les facteurs omniprésents
D. L'accélération des transitions"	A
"Question : Quel critère est utilisé pour définir le ""milieu"" des organisations en matière de cybersécurité ?

A. Conformité aux normes minimales
B. Investissement dans des technologies avancées
C. Nombre de cyberattaques subies
D. Taille de l'organisation"	A
"Question : Quelle est l'une des particularités indiquées par le texte ?

A. Une division nette dans les organisations
B. Des progrès évidents dans des domaines spécifiques
C. Une absence de résilience dans certains aspects
D. Une stagnation dans les organisations"	B
"Question : Quel est le thème principal du texte ?
A. Les menaces de cybersécurité
B. Les améliorations des capacités de cybersécurité
C. L'optimisme dans le domaine de la cybersécurité
D. Les défis de la cybersécurité"	C
"Question : Quelle étude a examiné la relation entre les cadres de la cybersécurité et les cadres d'entreprise ?
A. Une étude de l'OCDE
B. Une étude du WEF
C. Une étude de l'Institut Ponemon
D. Une étude de McAfee"	B
"Question : Quelle publication fournit des informations sur les tendances clés en matière de cybersécurité ?
A. The Global Cybersecurity Outlook
B. The Key Cyber Trends
C. Executives will need to nav
D. This year's"	A
"Question : Dans le texte, quel terme est utilisé pour décrire la différence croissante entre les organisations en matière de cyber-résilience ?

A. Cyber-équité
B. Cyber-inéquité
C. Cyber-disparité
D. Cyber-écart"	B
"Question : Quel est le sujet du texte ?
A. Les organisations qui maintiennent un niveau minimum de personnes
B. Les organisations qui n'ont pas de personnes
C. La population d'organisations
D. Le maintien d'un niveau minimum de personnes"	C
"Question : Quel type d'entreprise est le plus touché par la perte de cyber résilience ?
A. Grandes entreprises
B. Entreprises de taille moyenne
C. Petites et moyennes entreprises
D. Start-ups"	C
"Question : Quel terme est manquant dans le texte ?
A. La grande
B. La majorité
C. Les minorités
D. Les forêts"	B
"Question : Quel est le pourcentage de baisse dans le nombre d'organisations qui maintiennent une cyber résilience minimale viable ?
A. 10%
B. 30%
C. 50%
D. 70%"	B
"Question : Qu'ont constaté les organisations concernant la cyber résilience ?
A. Une augmentation significative chez les PME
B. Une baisse importante chez les grandes entreprises
C. Des gains remarquables dans les grandes entreprises
D. Une stagnation chez toutes les tailles d'entreprises"	C
"Question : Que déclarent plus de deux fois plus de PME que les grandes organisations ?
A. Avoir le double de cyberrésilience
B. Avoir moins de cyberrésilience
C. Être à égalité en termes de cyberrésilience
D. Ne pas avoir de cyberrésilience"	B
"**Question :**

Selon le texte, quel pourcentage d'exécutifs interrogés estiment que leur organisation peut satisfaire à ses exigences opérationnelles essentielles ?

A. 10%
B. 20%
C. 90%
D. 120%
**"	C**
"**Question :**

Quelle mesure est nécessaire selon le Forum économique mondial en matière de cybersécurité ?

**Choix :**

A. Ignorer les menaces
B. Réduire les investissements
C. Prendre des actions urgentes
D. Attendre que des catastrophes se produisent

**"	** C
"Question : Parmi les défis aggravés par les technologies émergentes, lequel est mentionné dans le texte ?
A. Réchauffement climatique
B. Inégalités dans l'accès à Internet
C. Crise économique
D. Surpopulation"	B
"Question : Quel est l'impact prévisible de la cyber-résilience sur les entreprises ?

A. Elle réduit l'écart entre les plus performantes et les moins performantes.
B. Elle réduit les risques de cyberattaques pour toutes les entreprises.
C. Elle accentue l'écart entre les plus performantes et les moins performantes.
D. Elle élimine les risques de cyberattaques pour toutes les entreprises."	C
"Question : Quel type d'organisation est considéré comme capable dans le texte ?
A. Les organisations qui adoptent les nouvelles technologies
B. Les organisations qui utilisent des technologies génératives
C. Les organisations qui sont capables d'adaptation
D. Les organisations qui sont en compétition"	C
"Quelle est la première étape pour comprendre l'intelligence artificielle (IA) ?
A. Avoir une compréhension approfondie des technologies sous-jacentes
B. Avoir une compréhension de base des horizons temporels impliqués
C. Avoir une compréhension des applications potentielles de l'IA
D. Avoir une compréhension des défis éthiques liés à l'IA"	B
"Question : Combien de personnes sur 10 interrogées ont réalisé les implications de ces technologies sur leur cyber-résilience ?
A. 1
B. 2
C. 3
D. 9"	A
"Question : Selon les correspondants, dans les deux prochaines années, l'IA générative donnera l'avantage à :
A. Attaquants
B. Défenseurs
C. Neutres
D. Développeurs d'IA"	B
"Question : Quelle proportion d'exécutifs reconnaissent les progrès des capacités adverses ?
A. Un quart
B. Un tiers
C. La moitié
D. Les deux tiers"	C
"Question : Quelle est la menace la plus préoccupante pour la cybersécurité parmi les impacts de l'IA générative ?
A. Spam
B. Malware
C. Deepfakes
D. Phishing"	C
"Question : Quelle est l'une des préoccupations exprimées dans le texte ?
A. Le chômage augmente rapidement
B. Le déficit de compétences et de talents s'aggrave
C. Les grandes entreprises souffrent d'une pénurie de main-d'œuvre
D. Les organisations les plus modestes sont les plus touchées"	B
"Question : Quelle est la proportion d'organisations qui ne sont pas sûres ou déclarent ne pas avoir les compétences requises ?
A. Moins de 25 %
B. Entre 25 et 50 %
C. Entre 50 et 75 %
D. Plus de 75 %"	A
"Question : Quel pourcentage d'organisations est optimiste quant à l'atteinte de ses objectifs en matière de cybersécurité ?
A. 15%
B. 85%
C. 50%
D. 90%"	A
"Question : Quel pourcentage d'organisations publiques estiment que les compétences et l'éducation s'amélioreront significativement dans les deux prochaines années ?
A. 52%
B. -52%
C. 50%
D. 48%"	B
"**Question :** Quel est le principal défi rencontré dans la conception de programmes de cybersécurité ?

**Choix :**
A. Manque de financement
B. Manque de soutien gouvernemental
C. Manque de ressources et de compétences
D. Manque de technologie

**"	** C
"Question : Quelle est l'une des préoccupations soulignées dans le texte ?
A. L'évolution rapide du paysage technologique
B. L'iniquité croissante en matière de cyberespace
C. La nécessité d'une résilience accrue
D. L'importance de l'éducation en matière de cybersécurité"	B
"Question : Quelle est la priorité identifiée dans le ""Global Cybersecurity Outlook 2024"" ?

A. Renforcement des mesures de cybersécurité
B. Coopération accrue public-privé
C. Innovation technologique
D. Accroissement des investissements en cybersécurité"	B
"Question : Quelle est la tendance observée dans le monde des affaires ?
A. La baisse des cyberattaques
B. L'augmentation du nombre de cyberattaques
C. La diminution des investissements dans la cybersécurité
D. L'abandon des pratiques commerciales traditionnelles"	B
"Question : Quel pourcentage des organisations continuent d'investir et d'être informées sur les fondamentaux de sécurité essentiels ?
A. 29 %
B. 71 %
C. 100 %
D. Inconnu"	A
"Question : Quel pourcentage d'organisations ont déclaré avoir été affectées par un incident cybernétique au cours des 12 derniers mois ?
A. Pas assez d'informations fournies dans le texte
B. Moins de 50 %
C. Entre 50 et 75 %
D. Plus de 75 %"	A
"Question : Quel est l'obstacle principal à la cyber-résilience selon les plus grandes organisations ?
A. Le manque d'experts en cybersécurité
B. L'absence de conformité aux réglementations
C. La transformation des systèmes hérités
D. L'augmentation des cybermenaces"	C
"Question : Quel facteur est lié à la cyber-résilience ?
A. La technologie héritée
B. L'engagement du PDG
C. Les processus hérités
D. La technologie moderne"	B
"**Question :**

Quel pourcentage de répondants considèrent leurs organisations comme des leaders et des innovateurs ?

A. 92 %
B. 93 %
C. 94 %
D. 95 %

**"	B**
"Question : Quel pourcentage de PDG font confiance à leur PDG pour parler en externe des risques cybernétiques de leur entreprise ?
A. 20%
B. 30%
C. 40%
D. 50%"	A
"Question : Quel est l'impact croissant des risques sur les écosystèmes pour les organisations ?
A. Ils deviennent de plus en plus négligeables
B. Ils deviennent plus complexes à gérer
C. Ils n'ont aucun impact sur les organisations
D. Ils sont inexistants"	B
"Quelle est la phrase qui résume le mieux le texte ?
A. Les chiens sont un atout pour les humains.
B. La technologie est essentielle à la sécurité et à la fiabilité.
C. Les chiens entravent la sécurité et la fiabilité.
D. La technologie peut être à la fois un avantage et un obstacle."	D
"Quelle proportion d'organisations ayant subi un incident matériel au cours des 12 derniers mois a déclaré cela ?

A. 41 %
B. -41 %
C. 59 %
D. 100 %"	B
"Question : Quel pourcentage d'organisations a une compréhension insuffisante de la cybersécurité ?
A. 46 %
B. 54 %
C. 60 %
D. 70 %"	B
"Question : Quel pourcentage d'exécutifs pense que leur organisation présente des failles de sécurité dans sa chaîne d'approvisionnement ?
A. 36 %
B. 64 %
C. 72 %
D. 80 %"	B
"**Question :**

Selon le texte, quelle est la situation d'une entreprise dont la cyber-résilience répond aux exigences minimales de fonctionnement ?

A. Ses mesures de cyber-sécurité sont entièrement efficaces.
B. Elle est toujours inadéquatement protégée.
C. Elle est légèrement vulnérable, mais peut encore opérer.
D. Elle doit immédiatement mettre à niveau ses défenses.

**"	B**
"**Question :**
Quelle affirmation est correcte selon le texte ?

**A.** Plus de la moitié des cadres reconnaissent les cybervulnérabilités de leur chaîne d'approvisionnement.
**B.** Moins de 40 % des cadres sont conscients des cybermenaces pesant sur leur chaîne d'approvisionnement.
**C.** Les cadres ne sont pas d'accord sur la nécessité de protéger leur chaîne d'approvisionnement contre les cyberattaques.
**D.** Le texte ne mentionne pas l'accord des cadres sur les cybervulnérabilités de la chaîne d'approvisionnement.

**"	A**
"Question : Selon le Global Cybersecurity Outlook 2024, quel pourcentage représente les attaques par ingénierie sociale ?
A. 5 %
B. 15 %
C. 55,9 %
D. 75 %"	C
"**Question :**

Selon le texte, quel pourcentage de victoires sera remporté par les attaquants dans les deux prochaines années ?

A. 8,9 %
B. 35,1 %
C. 50 %
D. 70 %

**"	** B
"**Question :**

Quel aspect vous inquiète le plus dans le domaine de la cybercriminalité ?

A. L'avantage global des cybercriminels
B. L'avantage global des défenseurs
C. Les menaces en elles-mêmes
D. La difficulté de se protéger

**"	** A
"Question : Quelle est la variation anticipée de l'impact de l'IA générative sur le risque cybernétique en 2024 par rapport à 2022 ?
A. Diminution de 14%
B. Augmentation de 30%
C. Augmentation de 28%
D. Aucun changement"	C
"Question : Parmi les éléments suivants, lequel n'est PAS une capacité d'adversaire mentionnée dans le texte ?
A. Hameçonnage
B. Développement de logiciels malveillants
C. Intelligence artificielle
D. Deepfakes"	C
"Question : Quelle conséquence de l'IA générative est mentionnée dans le texte ?
A. Augmentation de la productivité
B. Fuites de données
C. Amélioration de l'expérience client
D. Automatisation des tâches"	B
"**Question :**

Quel élément de la gouvernance de la sécurité n'est pas mentionné dans le texte ?

A. Sécurité technique des systèmes d'IA
B. Sécurité de la chaîne d'approvisionnement du logiciel
C. Conformité réglementaire
D. Sécurité des données

**"	C**
"Question : Quelle est une préoccupation légale mentionnée dans le texte ?
A. Risque de développement de code
B. Propriété intellectuelle
C. Responsabilité
D. Portes dérobées potentielles"	B
"Question : Quelle est la proportion de leaders du cyberespace qui ont assisté à l'assemblée annuelle sur la cybersécurité ?
A. 20 %
B. 46 %
C. 90 %
D. 66 %"	C
"Question : Quel pourcentage de cyberinéquité nécessite une action urgente ?
A. 70 %
B. 80 %
C. 90 %
D. 100 %"	C
"Question : Quelle est la conséquence de la cyber-inégalité entre les organisations ?
A. Elle crée une augmentation de la productivité
B. Elle élargit les possibilités d'investissement
C. Elle creuse le fossé entre les organisations cyber-résilientes et non cyber-résilientes
D. Elle réduit les risques liés à la cybersécurité"	C
"Question : Parmi les éléments suivants, lequel n'est PAS mentionné dans le texte comme un facteur pouvant aggraver la cyber-résilience ?

A. Les technologies émergentes
B. Les failles de sécurité persistantes
C. Les stratégies de réponse aux incidents
D. Les attaques sophistiquées"	C
"Question : Quel pourcentage des challenges liés à la cyber résilience sont liés aux entreprises à faibles revenus en 2022 ?
A. 20 %
B. 30 %
C. 40 %
D. 50 %"	B
"Question :  Parmi les affirmations suivantes, laquelle est correcte ?
A. Plus d'organisations gagnent en résilience que n'en perdent.
B. Moins d'organisations à revenus élevés mûrissent.
C. Plus d'organisations perdent en résilience que n'en gagnent.
D. Moins d'organisations à faibles revenus mûrissent."	C
"Question : Quel pourcentage des entreprises pensent que le budget alloué à la cybersécurité est adéquat ?
A. 15%
B. 29%
C. 37%
D. 51%"	B
"Question : Quel pourcentage de dirigeants d'organisations excellant en cybersécurité ont répondu à l'enquête ?
A. 93 %
B. 7 %
C. 24 %
D. 50 %"	A
"Quelle est la proportion de PDG en qui les entreprises faisant confiance à la cyber-résilience ont confiance pour parler en externe de leur risque cybernétique ?

A. 7%
B. 93%
C. 97%
D. 100%"	B
"Question : Quelle est la conséquence de la pénurie de talents ?

A. La réglementation en matière de cybersécurité est perçue comme inefficace.
B. L'écart entre l'offre et la demande de travailleurs qualifiés se creuse rapidement.
C. Les entreprises ont du mal à recruter des employés qualifiés.
D. Les salariés sont moins motivés et moins productifs."	B
"**Question :** Quelle est la croyance du texte sur l'efficacité des réglementations en matière de cybercriminalité et de vie privée ?

**A.** Elles sont très efficaces.
**B.** Elles sont quelque peu efficaces.
**C.** Elles sont inefficaces.
**D.** Elles sont contre-productives.

**"	** B
"Question : Quelle est la plus grande menace pour une organisation ?
A. Ses employés
B. Ses partenaires
C. Ses systèmes informatiques
D. Son environnement économique"	B
"Question : Quel est le principal obstacle à un avenir numérique sûr, résilient et fiable ?
A. Manque de compréhension
B. Mauvaise infrastructure
C. Absence de visibilité
D. Attaques malveillantes"	C
"**Question :** Dans quelle mesure les compétences de votre organisation permettent-elles de gérer le risque lié aux tiers ?

**Choix :**
A. 20 %
B. 40 %
C. 60,4 %
D. 18,8 %

**"	** C
"Question : Quel type de difficulté est le plus important pour répondre à une cyberattaque ?
A. Manque de ressources
B. Manque de compétences
C. Manque de temps
D. Manque de motivation"	B
"**Question :**
Selon le texte, quel pourcentage de cyberattaques sont dirigées contre les entreprises en 2023 ?

**Choix :**
A. 40%
B. 50%
C. 60%
D. 70%

**"	** B
"Question : Quel pourcentage d'organisations à faibles revenus ont de la visibilité ?
A. 0%
B. 49,2 %
C. 82,1 %
D. 94,7 %"	A
"Question : Quel groupe d'organisations est le plus susceptible d'être d'accord avec l'énoncé « S'appuyer sur des données rend leur organisation plus efficace » ?

A. Organisations publiques
B. Organisations à revenus moyens
C. Organisations à faibles revenus
D. Aucune de ces réponses"	A
"**Question :**

Dans quelle fourchette de pourcentage se situe le niveau de cyber-résilience des organisations à revenus élevés ?

A. 0-10%
B. 22-35%
C. 38-50%
D. 50-60%

**"	** B
"Question : Quel est le niveau de cyber-résilience actuel ?
A. Insuffisant
B. Minimum requis
C. Dépasse les exigences
D. Non renseigné"	A
"**Question :**

Quel est le pourcentage de réponses affirmatives pour la question ""Les cyberattaques ont-elles eu un impact significatif sur votre organisation au cours des 12 derniers mois ?""

**Choix :**

A. 22%
B. 29%
C. 36%
D. 39,2%

**"	** D
"Quelle est la solution nécessaire pour résoudre l'inégalité dans les capacités de cyber-résilience ?
A. Une solution ponctuelle
B. Une solution systémique
C. Une solution temporaire
D. Une solution individuelle"	B
"**Question :**
En 2023, l'économie mondiale a connu une croissance de quel pourcentage par rapport à l'année précédente ?

A. 50 %
B. 100 %
C. 200 %
D. 400 %

**"	** D
"Question :
Parmi les informations suivantes, laquelle est mentionnée dans le texte ?
A. L'investissement dans la cyber-résilience est en baisse
B. L'innovation dans le domaine de la cyber-résilience est faible
C. L'investissement dans la cyber-résilience est en hausse
D. La croissance dans le domaine de la cyber-résilience est lente"	C
"Question : Qu'est-ce qui bénéficie généralement le plus des nouvelles technologies ?
A. Les petites économies
B. Les économies moyennes
C. Les grandes économies
D. Les économies en développement"	C
"Question : Quel défi continuent de relever les pays développés ?
A. Le progrès technologique
B. L'inégalité socio-économique
C. La pollution environnementale
D. Les conflits internationaux"	B
"Question : Quel est l'impact de la croissance technologique selon le texte ?
A. Négatif uniquement
B. Positif uniquement
C. Négatif et positif
D. Neutre"	C
"Question : Quelle est l'année mentionnée dans le texte ?
A. 2023
B. 2024
C. 2025
D. 2026"	B
"Question : Quelle expression est utilisée dans le texte pour décrire les organisations qui maintiennent un niveau minimal de sécurité informatique ?

A. Résistance cybernétique optimale
B. Résilience cybernétique minimale
C. Sécurité cybernétique de base
D. Défense cybernétique proactive"	B
"Question : Quelle tendance émerge selon le texte ?

A. Les organisations de taille moyenne disparaissent.
B. Les organisations de grande taille se multiplient.
C. Les organisations de petite taille dominent le marché.
D. Le nombre total d'organisations reste constant."	A
"**Question :**

Quel pourcentage de cyberattaques sur les grandes organisations a diminué depuis 2022 ?

A. 15 %
B. 31 %
C. 52 %
D. 64 %

**"	** B
"Question : Quel est le sujet du texte ?
A. Les organisations vulnérables aux cyberattaques
B. L'écart croissant entre les organisations cyber-résilientes et les autres
C. L'importance de la cyber-résilience pour la survie des organisations
D. Les défis rencontrés par les organisations face aux cyberattaques"	B
"Question : Quel est l'impact du manque de collaboration entre les organisations ?

A. Les organisations ne sont pas en mesure d'offrir des produits ou services innovants.
B. Les organisations ont du mal à rivaliser avec d'autres entreprises du même secteur.
C. Les organisations sont incapables de s'adapter rapidement aux changements du marché.
D. Les organisations n'arrivent pas à satisfaire les besoins de leurs clients."	C
"Question : Selon le texte, quelles sont les conséquences potentielles d'un retard dans l'adaptation à la courbe ?
A. Augmenter l'écart et menacer l'intégrité de l'écosystème
B. Améliorer les chances de survie des espèces
C. Stabiliser l'équilibre écologique
D. Réduire la pression sur les ressources naturelles"	A
"Quelle statistique illustre le déséquilibre croissant ?

A. Le nombre d'organisations
B. La taille des plus petites organisations
C. Le nombre d'organisations de taille moyenne
D. Le nombre d'organisations de grande taille"	B
"Question : Quelle proportion d'entités affirment ne pas disposer de la cyber-résilience nécessaire ?

A. Moins de la moitié
B. Plus de la moitié
C. Le double
D. Plus du triple"	B
"Question : Quelle expression termine le texte ?
A. et leurs
B. et leur
C. et ces
D. et ses"	A
"Question : Quelle est la différence de confiance en matière de cybersécurité entre les organisations à but lucratif les plus importantes et les plus petites ?
A. 22 %
B. 78 %
C. 50 %
D. 10 %"	A
"Question : La phrase ""ilience exceeds their operational needs"" fait référence à quel type d'organisations ?

A. Les plus grandes en termes de revenus
B. Les plus petites en termes de revenus
C. Celles dont la résilience dépasse leurs besoins opérationnels
D. Celles dont la résilience est insuffisante par rapport à leurs besoins opérationnels"	C
"Question : Quel terme signifie ''trois fois plus susceptible de manquer de compétences numériques'' ?
A. bling
B. cyber-resilience
C. ob
D. lack"	D
"Question : Quel est le principal sujet abordé dans le texte ?
A. La cybersécurité
B. Les technologies émergentes
C. L'impact des réseaux sociaux
D. La mondialisation économique"	A
"Question : Quel est un aspect fondamental de la cyber-résilience ?
A. Connaissance de l'écosystème
B. Détection des menaces
C. Réponse aux incidents
D. Restauration des services"	A
"**Question :**

En matière d'évaluation des risques, qu'incluent les grandes organisations ?

A. Évaluations des risques des fournisseurs
B. Évaluations des risques des infrastructures
C. Évaluations des risques du personnel
D. Évaluations des risques technologiques

**"	A**
"**Question :**

Quelle est la tendance décrite dans le texte concernant la résilience aux cyberattaques ?

A. Une augmentation des cyberattaques
B. Une diminution de la résilience aux cyberattaques
C. Une augmentation de la résilience aux cyberattaques
D. Une diminution des cyberattaques

**"	** C
"Question : Selon le texte, quel aspect des organisations devrait être particulièrement inquiétant ?
A. La taille
B. La résilience
C. Le rapport de 2023
D. La sécurité"	B
"Question : Selon la recherche de yScorecard et du Cyentia Institute, quel pourcentage d'organisations entretiennent une relation avec ?
A. 92 %
B. 98 %
C. 89 %
D. 95 %"	B
"Question : Quel pourcentage d'entreprises ont subi une violation de données au cours des deux dernières années ?
A. 40 %
B. 50 %
C. 60 %
D. 70 %"	A
"Question : Quel est l'argument avancé dans le texte pour encourager les entreprises cyber-résilientes à aider les autres ?

A. La collaboration améliore l'efficacité globale
B. Les entreprises ont une obligation légale d'aider
C. Les partenariats renforcent les systèmes de sécurité
D. L'entraide réduit les coûts opérationnels"	A
"Question : Quel est l'objectif des organisations dans leur écosystème ?
A. Améliorer leur cybersécurité
B. Réduire leurs coûts
C. Augmenter leurs revenus
D. Accroître leur part de marché"	A
"Question :

Le texte évoque une situation où les PME sont :

A. Protégées contre les influences extérieures
B. Vulnérables face aux disparités croissantes
C. Indépendantes des fluctuations du marché
D. Favorisées par un environnement économique stable"	B
"Question : Quel pourcentage d'entreprises possède une assurance cyber ?
A. 25 %
B. 50 %
C. 75 %
D. 100 %"	A
"Question : Quelle est la probabilité que les organisations ayant les plus gros revenus rapportent 75 % ?

A. Trois fois plus faible
B. Trois fois plus élevée
C. 25 %
D. 75 %"	D
"Question : Quel est le facteur qui influence positivement le taux d'adoption de l'assurance cyber ?
A. Le nombre d'employés
B. Le secteur d'activité
C. La taille de l'entreprise
D. La localisation géographique"	A
"Question : Quel pourcentage d'organisations ayant plus de 100 000 employés souscrivent à une assurance cyber ?
A. 21 %
B. 5 %
C. 10 %
D. 79 %"	B
"Question : Quel pourcentage d'organisations de moins de 250 employés ont une police d'assurance cyber ?

A. 25 %
B. 50 %
C. 75 %
D. Le texte ne le mentionne pas"	D
"Question : Selon le texte, que se passera-t-il au fur et à mesure que les tendances exponentielles se poursuivent ?
A. Le fossé se rétrécira.
B. Le fossé restera le même.
C. Le fossé s'élargira.
D. Le fossé fluctuera."	C
"Question : Quel est le sujet principal abordé dans le texte ?
A. La cybercriminalité
B. L'inégalité numérique
C. Les risques de sécurité
D. Les options de réduction des risques"	B
"Question : Quel pourcentage d'entreprises comptant plus de 100 000 employés souscrivent-elles une cyberassurance ?
A. 0 %
B. 25 %
C. 50 %
D. 100 %"	D
"Question : Quel pourcentage de l'étude ""Global Cybersecurity Outlook 2024"" concerne les organisations qui portent des risques de cybersécurité ?
A. 10 %
B. 21 %
C. 85 %
D. 90 %"	B
"Question : Quelle est la valeur annuelle du revenu de la cyber-assurance représentée sur le graphique ?
A. Plus de 5,5 milliards de dollars
B. Moins de 250 millions de dollars
C. Entre 250 millions et 5,5 milliards de dollars
D. Aucune des réponses ci-dessus"	A
"Question : Quel pourcentage représente la partie ombragée du graphique ?
A. 25 %
B. 75 %
C. 90 %
D. 100 %"	A
"Question :  L'écart cybernétique mondial a tendance à refléter quels indicateurs ?
    A. Les indicateurs de développement économiques
    B. Les indicateurs de développement sociaux
    C. Les indicateurs de développement environnementaux
    D. Les indicateurs de développement technologiques"	A
"Question : Quelle zone géographique compte le plus faible pourcentage d'organisations déclarant être cyber-résilientes ?
A. Amérique du Nord
B. Europe
C. Amérique latine et Afrique
D. Asie-Pacifique"	C
"Question : Quelle région compte le plus de visiteurs ?

A. Amérique du Nord et Europe
B. Amérique latine et Afrique
C. Asie
D. Antarctique"	A
"Question : Selon le texte, quelle région a enregistré le plus grand nombre d'organisations insuffisamment cyber-résilientes ?
A. Europe
B. Asie-Pacifique
C. Amérique du Nord
D. Moyen-Orient"	B
"Question :  Dans quelle région le nombre de violations de données a-t-il été le plus faible ?
A. Europe
B. Asie
C. Amérique du Nord
D. Amérique du Sud"	A
"Question : À quoi fait généralement référence ""CPL"" dans le texte ?
A. Coût de la pauvreté
B. Ligne de pauvreté
C. Coût de la cybersécurité
D. Coût prohibitif"	B
"Question : Quel est l'impact de la fracture numérique sur les organisations ?
A. Elle affecte uniquement le personnel
B. Elle affecte uniquement la technologie
C. Elle affecte l'ensemble de l'organisation, y compris le personnel, la technologie et les systèmes
D. Elle n'affecte pas les organisations"	C
"Quelle est l'une des conséquences du manque de compétences en cybersécurité ?

A. Des attaques de malwares plus fréquentes
B. Des coûts de sécurité réduits
C. Une meilleure protection des données
D. Une automatisation accrue"	A
"**Question :**

Quel facteur n'est **PAS** mentionné comme contribuant au succès des organisations ?

A. Leaders compétents
B. Compréhension des meilleures pratiques
C. Collaboration interne
D. Capacités d'innovation

**"	** C
"Question : Quel facteur n'influence pas la capacité d'une organisation à s'adapter à l'évolution constante des environnements sectoriels ?
A. Accès aux technologies innovantes
B. Concurrence accrue
C. Changements réglementaires
D. Prévisions précises des tendances du marché"	D
"Question : Selon l'Atlantic Council, quel terme décrit les difficultés rencontrées par certains dans l'accès aux technologies de l'information et de la communication ?
A. Cybersécurité
B. Cyber pauvreté
C. Cyber dépendance
D. Cybercrime"	B
"Quelle est la fausse affirmation selon le texte ?

A. La pauvreté simulées est très similaire à la pauvreté réelle.
B. Fournir de l'argent ou de l'expertise gratuite ne résout pas nécessairement la pauvreté.
C. Les personnes vivant dans la pauvreté ont toujours besoin d'argent.
D. La pauvreté est un problème complexe."	C
"**Question :** Quelle est une raison citée dans le texte pour les faibles progrès technologiques ?

**A. Conceptions technologiques médiocres**
**B. Manque de financement**
**C. Attitudes socioculturelles défavorables**
**D. Concurrence intense**

**"	A**
"Quel facteur peut contribuer à la disparité de sécurité entre les communautés ?

A. La proximité des installations militaires
B. Les mesures de sécurité des quartiers
C. Le niveau d'éducation de la population
D. Le taux de criminalité"	B
"**Question :**

Quelle tendance s'accroît régulièrement au fil du temps, selon le texte ?

A. Les attaques par ping
B. La cyber-résilience
C. Les inégalités en matière de cyber-résilience
D. Aucun des choix ci-dessus

**"	C**
"**Question :**

Quelle augmentation a été observée concernant la cyber résilience des organisations à faibles revenus ?

A. 32 %
B. 13 %
C. 52 %
D. 23 %

**"	A**
"**Question :**

**Quel est le pourcentage d'organisations ayant signalé des lacunes en matière de cyber-résilience parmi les organisations les plus rentables ?**

A. 20 %
B. 40 %
C. 60 %
D. 80 %

**"	** B
"Question : Quel est le sujet principal abordé dans le texte ?
A. Les revenus des organisations
B. Les changements dans les revenus des organisations
C. Les comparaisons de revenus entre organisations
D. Les difficultés financières des organisations"	A
"Question : Quel est le pourcentage d'entreprises qui ont déclaré que leur cyber-résilience dépasse leurs besoins opérationnels ?

A. 0%
B. 10%
C. 50%
D. 100%"	A
"Question : Parmi les organisations à gros revenus, quelle a été la variation du taux de cyber confiance au cours des deux dernières années ?
A. Aucune variation
B. Diminution de 32 %
C. Augmentation de 32 %
D. Diminution de 16 %"	C
"Question : Quelle est l'une des affirmations faites dans le texte ?
A. Les cyberattaques sont une forme de concurrence saine.
B. Il n'existe aucune norme économique générale régissant les cyberattaques.
C. Les cyberattaques sont nuisibles à l'économie.
D. Les cyberattaques sont protégées par la liberté d'expression."	A
"Question : Quelle caractéristique mentionne l'auteur à propos de l'écosystème numérique ?
    A. Fragile et complexe
    B. Indépendant et autonome
    C. Statique et prévisible
    D. Stable et inaltérable"	A
"Question : Quelle est la position exprimée dans le texte sur la consommation de viande ?
A. La viande est bénéfique pour la santé.
B. La viande est nocive pour la santé.
C. La consommation de viande est équilibrée.
D. Aucune information sur la consommation de viande n'est donnée."	B
"**Question :**

Qui a résumé la situation dans le texte donné ?

A. Organisations
B. Rotem Iram
C. At-Bay
D. CEO

**"	** B
"Question :
Selon le texte, quelles organisations sont particulièrement vulnérables aux cyberattaques ?

A. Les grandes organisations
B. Les organisations de toutes les tailles
C. Les organisations non matures
D. Les organisations disposant de ressources limitées"	B
"Question : Selon le texte, quel défi ont souvent rencontré les organisations pour maintenir la cyber-résilience ?
A. Garantir la sécurité des données
B. Attirer et retenir les talents techniques
C. Assurer la continuité des opérations
D. Maintenir les principes fondamentaux de la cyber-résilience"	D
"Question : Quel facteur a commencé à stratifier les capacités cybernétiques des administrations publiques et privées ?

A. L'augmentation de la connectivité
B. L'émergence de nouvelles technologies
C. La croissance de la criminalité en ligne
D. La demande croissante de cybersécurité"	A
"Question : Quelle approche certaines organisations ont-elles adoptée vis-à-vis de la résilience ?
A. La nier
B. La promouvoir
C. L'ignorer
D. La combattre"	B
"Question :  Selon le texte, laquelle des options suivantes explique pourquoi certains secteurs ont été plus strictement réglementés ?
    A. Les cultures de ces secteurs étaient davantage investies.
    B. Les cultures de ces secteurs étaient moins investies.
    C. Ces secteurs étaient plus importants pour l'économie.
    D. Ces secteurs étaient plus enclins à la fraude."	C
"Question : Quel est l'un des motifs pour lesquels les gouvernements peuvent restreindre la liberté d'expression de leurs membres ?
A. Protéger la vie privée des individus
B. Préserver la sécurité nationale
C. Contrôler la diffusion des informations
D. Promouvoir la paix sociale"	B
"Quelle est la raison pour laquelle les organisations peuvent être amenées à partager des informations avec les forces de l'ordre ?

A. Pour protéger les informations sensibles
B. Pour protéger le système financier mondial
C. Pour prévenir la criminalité
D. Pour maintenir l'ordre public dans la communauté"	B
"**Question :**

Quelle conséquence a entraîné la modification du paysage des menaces pour les entreprises ?

**A.** Augmentation de la sécurité
**B.** Réduction des risques
**C.** Souffrances publiques importantes
**D.** Renforcement des systèmes informatiques

**"	C**
"Question : Parmi les facteurs pris en compte pour évaluer les différences de performance organisationnelle, quel choix est correct ?
A. Les circonstances spécifiques du pays
B. Les différences sectorielles
C. Les circonstances spécifiques de l'organisation
D. Toutes les réponses précédentes"	D
"Question : Quelle est la conséquence de la différenciation des réponses aux défis cybernétiques universels ?

A. L'émergence de leaders clairs sur le marché
B. Une augmentation des coûts de sécurité
C. Un déclin de l'innovation technologique
D. Une diminution de la dépendance aux infrastructures en ligne"	A
"Question : Quel est l'un des facteurs mentionnés dans le texte qui influence le coût de l'accès à la cybersécurité ?
A. Le nombre de stragglers
B. Le rythme de la hausse des coûts d'accès
C. L'équation de l'accès adéquat
D. Le coût de l'accès adéquat"	B
"Question : Quel problème est évoqué dans le texte ?

A. La différence de capacités entre les petites et les grandes organisations
B. L'inégalité actuelle entre les petites et les grandes organisations
C. Le manque de sécurité dans les systèmes informatiques
D. L'absence de législation pour protéger les petites organisations"	B
"Question : Dans quelle catégorie d'entités la coopération est-elle mentionnée dans le texte ?
A. Organismes publics
B. Sociétés privées
C. Entre les secteurs public et privé
D. Entre organisations de secteurs économiques différents"	C
"**Question :**

Quel concept est utilisé pour illustrer le fossé numérique ?

A. La division des richesses
B. La disparité des opportunités éducatives
C. La fracture numérique
D. L'inégalité des services de santé

**"	C**
"**Question :**

Que dirige Ángel González Sanz au sein de l'UE ?

A. La division des affaires économiques et monétaires
B. La division de la recherche et de l'innovation
C. La division de la politique régionale
D. La division de l'agriculture et du développement rural

**"	** B
"**Question :** Quelle est l'organisation qui a organisé la conférence sur la technologie et la logistique mentionnée dans le texte ?

A. Conférence des Nations Unies sur le commerce et le développement
B. Nations Unies
C. Banque mondiale
D. Organisation mondiale du commerce

**"	A**
"Question : Selon le texte, quel pourcentage de la population mondiale est connecté à Internet ?
A. 37 %
B. 63 %
C. 68 %
D. 73 %"	B
"Question : Quel pourcentage des populations des pays n'utilise pas encore Internet ?
A. 27%
B. 73%
C. 50%
D. 10%"	B
"Question : Lequel des facteurs suivants n'est PAS mentionné comme une influence sur l'interconnexion ?
A. Géopolitque
B. Économie
C. Technologie
D. Culture"	D
"Question : Quelle expression dans le texte met l'accent sur l'importance d'adopter une technologie de pointe ?
A. ""perpétuellement piégé""
B. ""entité""
C. ""courbe de capacité""
D. ""incontournable"""	D
"Question : Quel est le type d'organisations le plus exposé aux risques ?
A. Celles qui sont déjà les plus exposées
B. Celles qui ont le plus de ressources
C. Celles qui sont en pleine croissance
D. Celles qui ont des pratiques de sécurité robustes"	A
"Question : Laquelle des options suivantes n'est PAS une conséquence du fossé technologique ?
A. Incapacité à atténuer les cybermenaces
B. Inégalités de ressources
C. Amélioration de l'efficacité
D. Compétitivité réduite"	C
"Question : Quel est un exemple de l'impact de l'inégalité dans l'accès à Internet ?
A. Dépendance accrue aux appareils mobiles
B. Vulnérabilité accrue aux cybermenaces
C. Augmentation des contenus en ligne
D. Réduction de l'utilisation des réseaux sociaux"	B
"Question : Quelle mesure est nécessaire pour résoudre le problème d'un écosystème numérique inégal ?

A. Une solution partielle
B. Une solution systémique
C. Une solution temporaire
D. Une solution isolée"	B
